{
  "fID": 77,
  "desc": "SpaCE2022标注",
  "apiVersion": "22-0126-00",
  "createdAt": "220126-160439",
  "lastModifiedAt": "220126-160439",
  "handleLogs": [
    {
      "time": "220126-160439",
      "person": "孙春晖",
      "action": "创建"
    }
  ],
  "workers": [],
  "dataItems": [
    {
      "dbID": "1-77-34",
      "batchID": 1,
      "fID": 77,
      "srcID": 34,

      "isReplacedItem": true,
      "rpID": "1-77-34-5",
      "replacedItemIdx": 5,

      "material": {
        "content": "桌上有碗汤",
        "tokenList": [
          {
            "word": "桌",
            "pos": "n",
            "autoEntity": true,
            "autoSpatial": false
          },
          {
            "word": "上",
            "pos": "f",
            "autoEntity": false,
            "autoSpatial": true
          },
          {
            "word": "有",
            "pos": "v",
            "autoEntity": false,
            "autoSpatial": false
          },
          {
            "word": "碗",
            "pos": "q",
            "autoEntity": false,
            "autoSpatial": false
          },
          {
            "word": "汤",
            "pos": "n",
            "autoEntity": true,
            "autoSpatial": false
          },
          {
            "word": "。",
            "pos": "w",
            "autoEntity": false,
            "autoSpatial": false
          }
        ]
      },

      "replacements": [
        {
          "at": 1,
          "to": {
            "word": "下",
            "pos": "f",
            "class": "上下左右类",
          }
        },
        {
          "at": 3,
          "to": {
            "word": "杯",
            "pos": "q",
            "class": "容器量词",
          }
        },
        {
          "at": 4,
          "to": {
            "word": "铁",
            "pos": "n",
            "class": "物质名词",
          }
        }
      ],

      "annotations": [
        {
          "idx": 0,
          "step": "不成立",
          "label": "搭配不当",
          "mode": "multiSpans",
          "selectedSpans": [[3], [4]]  // [ 杯, 铁 ]
        },
        {
          "idx": 1,
          "step": "不成立改正",
          "toSolve": 0,  // 针对哪一个标注内容进行的进一步改正
          "label": "修改",
          "mode": "modify",
          "source": 3,  // 杯
          "target": "块"
        }
      ]

    }
  ]
}